# Embedding DB: label,e0,e1,...,e511
bottle,0.225134,2.17822,0.587511,1.8597,2.65463,1.40498,2.92598,0.749581,0.357169,0.355129,0.140317,0.674346,0.071697,0.680548,0.460446,1.16536,0.00904872,1.43565,2.28684,3.80826,0.348625,0.948513,1.8926,3.1447,0.164963,0.0572285,0.226007,0.0162303,1.10692,1.25474,0.201026,0.116677,0.337176,0.256077,0.693368,1.52999,1.47806,1.39504,1.07366,1.2051,4.87072,0.149858,0.214412,0.14302,0.763113,0.562694,0.6456,1.28658,0.749302,0.691177,2.35623,2.79976,0.48656,0.146246,2.01585,0.039693,0.487136,1.79311,0.320242,0.195032,1.24254,0.0284329,1.10833,1.71911,0.743939,0.286263,2.31905,0.365085,4.11127,1.61389,0.478161,0.208882,0.245537,1.21796,0.053861,1.372,0.464308,1.28889,0.887219,0.945936,3.14383,0.0384969,0.872495,1.43128,0.536733,1.862,0.310876,0.196795,1.15105,0.112653,3.99741,0.671313,0.0355225,0.683564,1.01974,2.11614,0.00982189,2.05943,0.0217541,0.127352,0.274761,1.32598,0.935474,0.391318,1.59494,1.02212,0.556233,1.3797,1.00191,0.0920147,1.31597,0.0174666,0.0386,0.544993,2.78986,1.58544,0.547047,4.51301,0.45979,0.0613342,0.329802,2.2855,1.73458,0.0305536,1.07345,0,0.816242,2.02261,0.244393,1.11515,0.219705,1.09634,4.15292,0.131999,3.1732,0.446516,2.61475,0.26786,1.24583,0.945577,0.161818,0.162224,0.661151,0.0829611,0.803412,0.313844,4.5844,0.470823,1.45292,3.31553,0.212408,0.233694,1.19367,0.917188,1.40918,2.25957,0.663647,0.338465,0.091337,0.614364,0.703021,0.643404,1.29164,2.199,0.0998732,1.72027,1.27567,0.00946898,0.409044,0.233799,4.21266,0.206527,2.30979,0.247901,1.39849,1.1263,0.309408,1.21732,0.383994,0.0305654,0.602555,2.89677,1.01142,0.136642,0.41449,0.971523,0.856558,4.91682,0.0707606,1.51679,0.754096,0.353844,4.74098,0.307987,0.0823098,0.908617,3.66839,0.871363,1.62929,0.250789,0.0636025,0.393104,2.03009,1.17038,0.673088,0.515402,0.351963,0.957445,1.12605,1.64092,0.968145,0.309739,0.0312343,1.1607,0.768362,0.244739,1.19125,1.50592,0.137672,0.933239,0.569543,0.493682,0.0687324,1.13102,0.723575,0.103123,0.0615154,0.214135,1.35181,2.42685,0.825591,1.47769,0.184832,1.81237,2.21134,1.97189,0.232801,2.13069,0.316911,0.993913,0.487825,3.24643,0.0465533,0.217418,1.56727,2.24263,0.0054412,0.997001,5.40011,0.0285599,2.48757,0.186859,0.0145099,0.22659,0.516005,0.545197,1.308,0.0538798,3.43725,0.353975,2.3358,2.35633,0.653642,2.66835,2.03753,0.999741,0.278046,0.181241,0.100663,0.804958,0.0981981,0.29518,0.826429,0.390611,1.05968,1.2755,0.300946,0.451073,0.462836,1.1266,0.0179815,0.111448,1.15935,0.266731,0.0310818,5.86188,0.413877,0.754567,1.62823,0.180958,1.12227,1.31471,0.592611,0.912008,0.247751,4.84471,1.79702,2.21379,1.84607,1.62933,0.316397,0.959381,0.607763,2.81158,0.748373,0,0.324941,0.808717,3.00693,0.49899,0.16672,0.404996,1.3616,1.16951,1.56031,0.459337,0.0441685,0.728478,0.150037,0.0886162,0.826445,0.0280874,2.60537,0.245885,0.340879,2.70763,2.18634,0.56474,0.0330865,0.267307,0.110325,0.789739,4.99016,0.145594,0.425654,0.797537,1.25077,0.00407831,2.10541,4.97041,1.83719,0.939085,0.0177723,0.0682505,1.31692,2.08583,1.62165,1.75775,0,0.530586,0.480642,0.291677,0.931997,0.595781,0.353447,1.76143,1.00046,0.112905,1.0653,1.46491,2.2931,1.37054,1.52619,1.9663,0.76358,0.755235,0.310988,0.482877,0.443677,0.614093,1.49398,1.41646,3.79507,1.10464,1.25572,0.200441,0.872423,1.23871,1.13078,0.731561,2.20171,0.267221,0.0478938,1.01476,0.507752,0.895949,0.423788,0.200002,0.838318,1.95892,3.47946,0.0433437,1.56812,0.355726,0.00345817,0.0202936,0.279498,1.51469,1.61795,0,1.50899,0.148969,4.01932,0.816333,0.0625603,0.317684,0.676126,1.44986,2.04765,1.65429,0.0736256,0.742568,1.0167,0.752655,0.000227813,1.06351,2.38028,0.699201,0.0720354,1.24316,0.43269,0.530031,1.32428,3.73756,0.0394012,3.6986,1.77814,0.251076,0.80221,1.95863,2.21601,0.444008,1.77216,0.311526,2.18017,0.37646,1.45314,0,0.794564,0.0285004,0.73265,0.00277397,0.415535,1.19265,1.26037,5.10677,0.906182,0.496851,1.59907,0.145209,0,0.32618,0.323124,0.120371,5.32279,1.0174,0.135731,1.64367,0.00643391,3.28522,1.08991,0.484813,0.0060679,2.18678,0.10911,0.185584,0.0962488,1.73817,0.00952421,0.472094,3.77369,0.244123,2.99321,0.206539,0.871019,1.52775,0.636048,0.511797,1.31735,0.411582,0.111322,0.125623,1.54168,0.125737,0.577504,1.45152,0.370286,0.296794,0.506159,0.518207,0.709156,0.973345,1.18585,0.441865,0.223228,0.698408,0.0788296,2.69466,1.3931,0.308398,0.00124231,0.203332,0.0490428,2.4881,1.55081,0.316559,0.538091,0.415676,1.64119,0.407715,0.740632,2.05737
bottle,0.0465441,0.0205869,0.279849,4.5955,0.469139,0.500028,3.91628,0.170137,0.210943,0.0470611,1.39504,1.00605,0.373744,0.125613,1.47687,0.885159,0.0269779,0.297084,0.35928,2.32133,0.432587,0.128029,0.297202,0.248042,0.614648,0.750848,0.132385,2.26016,0.883371,0.433189,0.335901,0.609653,1.30684,0.577806,1.17411,0.150143,0.00549399,0.838323,0.195266,0.193026,0.819213,1.46378,0.338088,0.332047,0.31553,0.585499,2.47609,0.127432,1.01212,2.20389,0.0281114,1.71216,1.32261,0.13947,0.126665,0.126605,0.563757,0.194471,0.389985,0.287403,1.72389,0.514143,0.126459,3.44599,0.672154,1.17012,0.23372,0.301041,0.540379,1.35353,1.17584,0.459253,0.188303,0.704072,1.50862,0.00511312,0.132846,0.647254,0.353969,0.0920913,1.33827,1.50323,1.36911,0.550461,1.18393,1.31773,1.10662,0.0275651,1.44535,0.125228,0.607702,1.35897,1.40654,1.71723,0.935685,0.4008,1.23884,0.676522,1.01882,2.61858,0.0706929,0.825482,0.955144,0.682695,0.0665059,1.08246,0.300341,0.0383937,0.00594221,0.231043,0.298285,0.303113,1.93151,0.595893,1.03962,1.52431,1.47896,2.82152,0.673093,0.0883079,0.981506,1.93057,1.20425,1.39252,1.04821,1.72781,1.03179,1.63418,0.30713,0.631584,0.389283,1.81473,1.38528,0.331654,0.181075,1.8392,0.173239,2.35027,1.09332,0.787308,0.56991,0.369812,1.53985,0.00470046,0.984283,0.173473,1.23395,0.193903,0.156799,0.538752,0.016954,0.255735,0.57784,0.711232,0.121483,0.595448,0.0468841,0.0849366,2.7029,1.81053,0.094823,1.98915,0.479239,0.0214265,0.433072,0.0224483,2.32199,0.307964,0.264963,1.89127,0.00781516,2.71072,1.47309,0.336471,1.18094,0.867463,0.139125,1.14903,0,0.13722,0.342517,2.40905,2.79102,1.03866,0.505541,0.0460956,0.29889,1.42402,0.00932543,0.6346,0.444758,0.113027,1.73709,0.527844,0.204819,1.18884,0.0872278,0.264453,0.207816,0.586356,0.937445,0.295519,0.610838,0.470757,0.041886,0.603906,0.287992,1.7063,0,1.97466,0.672134,1.18386,0.887272,1.61855,1.45862,0.501116,0.157122,0.264733,1.94023,2.93576,0.487025,1.52318,0.571554,2.17899,0.472485,1.84016,0.0760926,0.783324,1.16585,0.496211,0.522804,2.68274,1.23172,0.138548,0.949852,0.847278,1.93975,1.41606,0.931717,1.21077,0.758662,1.62946,1.45024,0.289461,0.628375,0.784777,0.329517,1.08948,2.11683,0.287582,0.361945,0.701817,0.210324,1.9191,1.5004,0.476946,0.99404,1.16446,0.678647,0.706303,2.34047,1.30883,1.28553,0.491087,0.909684,0.743516,2.2041,0.00475032,1.49487,0.313423,0.34922,0.774493,0.615626,0.358168,0,2.3347,1.61406,0.312582,0.173219,1.78011,0.784428,0.15718,0.349132,0.121379,0.5902,0.655012,0.00992284,1.52092,0.0628826,0.3296,1.17741,0.78984,0.870933,1.34094,0.328991,0.507414,0.927241,1.06583,0.573044,1.2711,0.333316,0.307635,0.802921,0.294439,3.79291,2.42648,1.27566,1.78149,0.0760126,0.0528934,0.00708693,0.867082,0,2.62476,0.785797,1.74729,0.268456,0.0792799,1.62288,0.374072,1.53239,0.150007,1.38222,0.568581,1.61302,1.85302,2.37255,0.131209,1.85289,1.44227,0.637405,0.182562,1.09184,1.16813,2.83756,0.860362,0.515126,0.00334592,4.1771,0.994786,1.79061,0.206474,1.19827,0.336482,0.293477,0.767126,0.00253821,1.65276,1.43856,0.144852,0.0238065,1.69355,0.102519,0.712044,2.07607,0.34997,2.37374,0.767505,0.450069,0.8345,0.982697,0.700436,0.00182422,0.0378755,0.471486,1.04715,1.38885,1.19381,0.262362,2.03615,0.0753094,0.640146,1.08213,0.406926,1.11187,4.48922,0.22523,0.449725,2.40921,1.53808,1.49465,0.611743,0.11735,1.47584,0.00601061,0.823959,0.688454,1.05126,0.896997,1.11087,0.266696,0.421707,3.07447,1.35437,0.122284,0.0831676,0.248498,0.202629,1.61711,0.187582,0.256764,0.922853,2.22041,1.88604,0.829522,1.02789,2.28427,0.722146,0.197792,0.720845,0.434918,0.669521,0.0122947,0.761634,0.105087,1.17117,1.37283,1.11582,0.523581,0.186697,0.1179,1.51664,1.66525,1.73964,1.04117,1.68217,0.0573678,1.93831,0.73271,0.0606951,2.6598,2.33896,0.244586,0.689867,2.41538,0.350186,1.67972,0.758444,0.388627,0.125725,0.0116945,1.5977,0.402958,0.611768,1.44352,0.370185,1.80614,0.424566,2.67547,2.17463,0.027187,0.0156731,0.335174,1.41821,1.39334,0.238322,0.118991,0.275158,1.41643,1.0222,0.0079965,1.79033,0.437236,0.547517,0.294632,1.4169,1.00671,1.82734,0.396196,0.763739,1.376,0.511031,0.190048,0.579321,1.13646,1.22004,4.3176,3.22095,0.099241,0.238895,0,0.857625,0.739145,0.458506,0.759557,0.0801237,0.737412,1.53737,0.914493,1.02963,0.226549,0.104481,1.25274,4.1544,2.09482,0.367572,1.17783,0.354762,0.766188,0.685331,0.012683,0.332488,0.661103,0.577088,0.773726,0.263403,4.29874,0.843051,0.645555,0.537094,0.0296003,0.103314
bottle,0.647041,2.26786,0.331306,2.5398,2.14258,0.866481,2.12793,0.862205,0.0372222,0.39283,0.388477,0.616697,0.011724,1.1003,0.590538,0.663432,0.0169504,0.976343,0.927727,1.89421,0.32792,0.669788,1.20732,2.20449,0.0416432,0.0727011,0.0159184,0.198893,2.05523,1.27556,0.00757661,0.305851,1.09278,0.345288,1.08987,1.73622,1.31173,0.752609,0.765191,1.28574,3.84381,0.208757,0.15206,0.138821,0.14242,0.416377,0.35289,1.22289,0.869686,0.0205865,0.632734,2.06037,0.601267,0.26396,0.848804,0.340954,0.115387,0.946127,0.818921,0.170599,0.462571,0.145434,0.530224,2.03487,1.79766,0.195812,2.27219,0.554793,4.05568,1.96838,0.124226,0.258241,0.129198,0.555754,0.173813,0.884673,0.94803,0.692828,0.373654,0.609404,3.06105,0.125368,1.26779,1.50851,0.68462,2.86203,1.05969,0.0697614,1.06745,0.333214,3.25546,1.00415,0.356874,1.5854,1.2266,1.18824,0.00571702,1.8519,0.310252,0.756062,0.130864,0.420752,1.00412,0.784564,3.58581,1.84882,0.949477,1.00594,0.179802,0.0792596,0.751818,0.00102708,0.0753039,0.213275,3.35913,1.56968,0.458376,4.57241,0.239692,0.0779891,0.538273,1.06568,2.70704,0.34754,0.771125,0.523129,0.0671568,1.92435,0.238308,0.285643,0.256744,0.796396,5.6714,0.102439,1.99592,0.938062,1.55824,0.146875,1.80238,0.667244,0.172729,0.254763,1.11822,0.147516,0.713494,1.02469,3.07644,0.219161,0.579032,3.14486,0.327629,0.225033,3.49779,0.0980012,0.799446,2.93076,1.06636,0.28397,0.0110875,0.126753,1.29871,1.21789,0.783709,1.18973,0.204362,2.45927,1.02809,0.0570763,0.169188,0.253198,2.68446,0.35794,1.91317,0.100285,1.65368,0.317803,0.278533,0.659159,0.2468,0,0.272578,2.69721,2.3365,0.935721,0.75025,0.544281,0.807301,3.31191,0.0541824,1.66345,0.296533,0.354836,3.76744,1.38247,0.394618,0.689054,2.61565,0.760583,0.151129,0.0612714,0.605944,0.353093,0.970495,0.790712,0.577185,0.364119,0.78836,0.875164,0.582692,1.49391,0.739017,0.155817,0.0910982,0.885067,0.556186,0.206099,0.664408,0.100175,0.33928,1.39061,0.427516,0.0617735,0.729267,0.895023,0.0467292,0.0965811,0.0500951,0.0475648,1.04704,2.43671,0.349543,1.45808,0.0937326,0.828807,2.10229,2.70127,0.0451704,2.42581,0.294855,1.31091,0.150183,2.52624,0.0465458,0.786605,1.389,2.32955,0.0797141,0.0490068,4.60036,0.190902,1.74979,0.417035,0.0462719,0.673531,0.0909918,1.22657,0.306614,0.0568946,2.4288,0.168083,1.14365,0.88487,0.374428,1.57259,2.2555,1.54451,0.159286,0.280351,0.74155,0.367182,0.107077,0.290071,1.36979,0.201011,1.36018,2.25302,0.336634,0.229047,0.358857,1.86538,0.12595,0.47424,1.15536,0.301333,0.100909,4.08767,0.603788,1.17189,2.46414,0.405973,1.74246,1.55654,0.897922,0.156838,0.248384,2.84379,0.616092,1.78334,1.62952,0.58069,0.333881,0.292919,0.0869646,1.58563,1.59868,0.0679824,0.568446,1.068,2.94344,0.644412,0.103779,1.13655,0.890925,0.537448,0.543591,0.869134,0.228366,0.875933,0.681771,0.182134,0.678223,0.0347436,2.55536,1.05504,0.237265,2.24333,1.75532,1.03563,0,0.446892,0.234799,0.320767,4.24121,0.0998374,0.377408,0.134067,0.0542006,0,3.59298,4.19073,1.91957,0.897479,0.0639821,0.416568,1.3315,1.60218,1.26805,2.11903,0,0.603566,0.594723,0.709781,0.692028,0.28252,0.850343,1.57939,0.421373,0.061606,0.725732,0.240432,2.27637,1.24716,1.20258,0.662587,0.680381,1.0224,0.244796,0.0746593,0.454728,0.785209,1.34598,0.830332,2.09794,0.623119,1.11402,0.161259,0.463445,0.0888966,0.806805,1.66368,2.93119,0.0932778,0.306115,0.627326,0.920687,0.727793,0.166385,0.598486,0.517156,0.193601,2.39909,0.0795173,0.59428,0.757139,0,0.0130372,0.26616,0.982137,1.71393,0.141019,1.06925,0.573763,2.89674,0.899009,0.0450218,0.637554,0.663192,2.25366,2.06493,0.763952,0.23174,0.111542,0.901839,1.20263,0.0261262,1.28077,1.16333,0.597472,0.126,1.4542,0.51545,0.191984,1.61127,3.93902,0.00790977,2.70728,0.787507,0.349691,1.28029,1.44199,1.87254,0.97178,1.44113,0.284737,1.92216,0.252042,1.75136,0.0055175,0.358336,0.111741,0.272821,0.0176982,0.395731,0.000398053,0.804186,3.21495,0.861233,0.437344,2.31569,0.203253,0,0.0412326,0.248759,0.246613,4.45944,1.12614,0.629259,0.907573,0.260446,3.33881,0.395226,0.599361,0.00904003,2.83771,0.0446445,0.411224,0.02039,1.08694,0.138519,0.870081,3.67914,0.938043,3.23191,0.087476,0.810267,1.90116,0.685517,0.0832718,1.24983,0.211562,0.0523404,0.0156603,2.44731,0.00740273,0.558478,1.1594,1.1339,0.0552725,0.0182793,0.408161,0.265274,0.323654,0.49201,0.473163,0.0969154,1.19874,0.13443,1.44603,1.89504,0.201917,0.0498698,0.285995,0.468785,1.37641,1.39458,0.0736084,0.491199,0.324087,1.50727,0.531536,0.72887,2.58023
fan,0.356409,0.339038,1.25995,2.40003,0.828758,1.31197,3.49235,0.253595,2.0384,0.288116,0.734916,2.02583,0.341448,0.467161,0.683227,1.18046,0.145184,0.209973,0.934526,0.836407,0.735229,0.642518,0.335152,2.97217,2.51734,0.542478,2.11312,0.991448,1.81628,2.0881,0.693664,0.485872,0.0603837,1.04411,0.0639011,0.00374111,0.257599,0.601745,0.477677,0.25697,1.50777,0.505736,0.430926,0.363511,0.731262,1.68466,0.134534,0.823437,2.50694,3.7259,0.800222,5.19609,0.360536,0.55777,0.01519,0.719023,4.10381,1.02539,0.767014,0.524503,0.25198,2.08617,0.615401,1.76568,1.96965,0.374851,0.0796494,0.119578,1.17436,0.528729,0.601032,0.180357,0.320603,0.839644,2.33005,2.49709,1.42618,0.0096902,0.00332092,1.80258,0.525837,1.27846,2.22066,1.17643,0.585269,0.614012,0.214305,1.11157,1.74007,2.51777,0.87996,1.48675,0.693402,0.45238,2.49094,0.313309,1.82576,0.026421,0.700512,0.686403,0.011985,0.205702,1.08231,0.218179,0.095349,1.9826,0.380416,0.728451,1.59485,1.66172,0.924359,1.15685,1.16987,1.72419,0.432697,0.760815,0.497837,1.52728,0.155667,0.54377,0.612475,2.64848,0.707872,0.0806255,1.2566,2.61,0.63648,0.734012,0.267654,0.52262,1.08245,1.64089,0.934432,1.54013,0.679402,0.940982,0.105464,1.89844,0.160409,1.8237,0.166939,1.56547,0.774418,0.583026,1.6795,0.339861,1.02471,0.575533,1.61704,0.167282,1.81229,1.34203,1.97501,0.432416,0.868138,0.922417,1.38153,0.56156,3.63908,1.47746,0.322705,0.6712,0.0156115,4.5355,0.948266,0.345739,1.55036,0.251974,1.26983,0.779582,0.28523,0.35694,0.408909,0.195383,0.382596,0.347764,1.23376,0.168636,0.00741046,0.598005,0.506447,0.585778,1.6419,0.0953482,0.074276,1.44961,0.175604,3.35788,0.375681,0.299785,1.25348,0.0405297,1.15231,0.821832,1.16445,0.204884,0.552019,1.33845,0.518304,1.48997,4.94767,1.82633,1.00543,1.119,0.321233,1.78126,0.147359,0.583964,0.212327,0.971007,1.61134,0.294114,0.486037,0.265421,1.14105,2.40618,0.13869,0.0387699,0.114892,2.66778,0.34667,0.0364719,2.46015,1.82965,0.532339,2.48934,0.468638,1.23279,0.0955702,0.397205,1.85427,0.240525,0.541468,0.864411,0.338043,0.0388464,0.83759,0.0998477,1.42388,1.55892,0.180126,0.250787,1.67224,0.866051,0.592603,0.285565,0.427509,0.169258,2.74093,5.09696,0.506662,0.890583,1.91869,0.399935,0.00538642,1.10919,0.149379,1.09457,1.59717,0.181943,0.865645,1.2227,0.285714,0.935843,0.464961,0.00853729,2.18424,1.45949,0.123937,1.28765,0.24043,0.785012,0.558081,1.38591,0.171366,0,0.638059,0.241524,0.931068,1.30786,0.0716006,0.878597,0.972766,0.12175,0.252678,0.156318,2.01857,0.380625,0.61215,1.05722,2.18597,1.31236,0.748257,1.19427,2.52085,0.0430728,0.658844,0.561636,1.21983,2.55737,0.702008,0.350676,0.447682,0.0522884,0.10509,1.23555,1.22993,0.506922,0.451048,0.949726,1.40098,0.5064,1.08707,0.267043,2.97522,1.75344,2.02377,0.0819984,0.9587,1.02837,0.660268,1.44002,0.134079,0.819926,1.23192,0.488951,0.0376815,1.88199,0.0739354,2.01133,0.999028,0.470798,0.387507,1.25947,2.38294,2.87548,0.527272,1.01422,1.47855,0.252789,0.451911,0.292696,0.505674,0.0242989,0.548049,3.70021,0.717412,0.618181,0.492758,1.35808,0.0464544,1.17303,1.51736,0.373765,1.61878,0.311026,0.955082,0.0377901,0.16076,0.0231716,0.632541,0.451745,0.286813,0.953981,1.17263,1.28272,0.489478,1.15865,0.30648,0.388851,0.566675,1.58187,0.341959,0.278401,0.386122,0.466465,1.24242,0.356068,1.98593,1.79808,0.344105,0.342975,2.04034,0.177617,0.0175037,0.515698,0.483944,0.679903,0.795465,0.251865,0.381053,2.03373,0.564773,0.0228373,0.0388204,0.36494,0.400592,0.433886,2.51882,1.31112,0.682138,1.32946,3.18188,2.18992,0.640001,1.69557,0.242735,0,0.78197,1.47312,0.128419,1.00268,0.947573,4.68596,0.0177732,1.27435,0.933072,1.96436,1.1773,0.386765,0.886524,1.52761,0.508924,0.164276,0.000376294,1.23994,1.34645,2.51029,1.15807,0.0384438,1.80665,0.134527,0.322937,0.152867,1.53515,0.294284,1.93695,0.0811683,0.431516,0.709332,1.287,0.412631,0.0288553,0.27929,1.2798,1.77885,0.200564,0.962621,1.12097,1.53142,1.69102,0.865784,1.27691,0.315181,0.0157938,1.1101,0.00850504,0,0.277961,1.35037,0.985018,0.333496,2.47996,0.0268027,0.294491,1.47093,0.74272,0.306328,1.61762,0.237053,0.212061,0.462787,0.165516,1.39179,0.124326,0.443772,0.230698,1.86083,3.40572,2.29816,0.22067,0.208413,1.39024,0,0.631777,0.645017,1.59707,0,0.186731,0.60975,0.302457,2.17496,0.53557,0.619907,0.256727,0.666183,1.79645,0.357353,0.838271,1.58429,0.180892,2.8302,0.798955,4.80281,3.32821,0.19497,1.2099,0.559181,0.645753,2.35395,0.200262,0.828279
fan,0.0986337,0.189149,0.370732,0.0381903,0.899845,0.0811737,3.63858,0.93739,1.0041,0.974476,0.503374,2.86699,0.0724685,0.0845414,1.69254,1.17072,0.100404,0.384628,2.83881,0.141474,0.52217,0.23883,1.17306,3.73361,0.520652,0.120964,2.42113,0.792016,1.51481,1.62124,0.944856,0.208764,2.09305,1.05296,0.310676,1.36888,0.0413744,1.65703,1.22992,0.709283,3.04889,0.921526,1.05129,1.45657,0.464553,1.04988,0.236534,0.852332,0.414702,1.89694,0.217931,5.96247,0.251378,0.0414888,0.11852,1.31219,2.95201,0.0613189,0.799414,0,1.49396,0.594142,0.255899,1.15248,0.306903,0.386269,0.255644,0.0265413,1.53353,0.341397,0.726755,0.251484,0.443699,1.03873,0.875547,2.54137,1.6765,0.0965748,0.571749,2.19788,0.512886,1.50112,1.81705,1.44754,0.158418,0.39971,0.801227,0.274734,1.76274,2.88153,2.16342,1.59952,0.199215,1.33235,2.12785,0.510917,1.15533,1.51406,0.795904,0.226044,0.366109,0.300922,0.534211,0.054084,0.662077,1.54992,0.566636,0.248433,0.286234,1.54089,1.55016,0.944594,1.30343,0.756978,0.51848,0.922049,0.650058,0.448317,0.199366,0.445511,2.81985,2.05936,0.386681,0.106416,1.72113,2.91633,0.313592,1.11821,0.731233,0.0377717,1.60299,1.52965,2.384,0.470218,0.814734,1.19547,0.422312,0.457645,2.51457,1.21072,1.52608,3.426,0.544942,0.590706,0.41029,1.5973,0.113685,0.246043,0.284232,0.222358,2.11047,0.83607,0.452502,1.21908,1.28343,0.149432,0.834169,0.107763,2.22281,1.30412,1.3756,1.41563,0.0707038,1.51454,2.1386,1.34299,0.70998,0.0485749,0.337896,0.966348,1.1591,0.240235,0.142404,0.350073,0.693349,0.747139,0.602682,0.0161303,0.881302,0.259899,2.07916,0.608446,2.8032,0.262026,0.0176645,1.06402,0.699351,1.56462,0.143621,0.235657,0.104192,0.203259,1.07853,0.39867,0.341613,1.32995,0.34001,1.22263,0.107488,0.497712,1.98447,1.56205,2.2635,0.32788,0.213575,1.24074,0.285938,1.18274,0.599675,0.548598,0.769221,0.603034,0.742656,0.834034,0.378881,2.59652,0.323386,0.201063,0.609189,1.13089,0.737508,0.0988465,1.20269,0.21494,1.2235,3.01386,0.9184,0.920088,0.0492248,0.417616,0.230042,1.08255,1.01745,0.428877,0.565181,0.196499,0.47879,0.214476,1.46117,0.953294,0.29306,1.07913,0.338846,0.614701,0.201432,1.04842,1.16731,0.173374,1.9884,3.86353,0.14923,0.618831,1.17821,3.05459,0.0140728,0.184818,0.0940488,1.63103,0.423104,0.647142,0.800134,0.307167,0.226305,0.624496,0.192174,0.536229,0.884335,1.01844,0.0600199,1.00793,0.0886404,1.48729,1.38121,1.45862,0.353977,0.146261,0.371422,0.180851,0.872711,1.35948,0.0637328,1.08744,0.0136347,0.130105,0.170099,1.61869,1.03559,0.183979,0.644907,0.0950763,1.29462,2.10898,1.08978,0.862068,0.320754,0.928197,0.29709,0.39218,0.903305,0.564607,0.280835,0.437509,0.915747,0.207384,0.0276076,0.74212,0.43512,0.368419,1.98185,0.580255,0.320935,0.707713,1.09331,1.22209,3.58859,1.84926,1.35046,0.0311032,0.779624,0.336146,1.34711,0.050792,0.619612,1.64204,0.812106,0.898385,1.02963,1.57702,0.189616,0.978102,0.549377,0.183337,1.59253,0.209985,1.4196,1.82947,0.993763,0.170983,1.48573,1.04023,1.59657,1.05469,0.245214,0.417571,0.473524,1.19885,0.958063,0.54451,0.333141,0.608087,0.640004,2.47033,0.545679,0,1.30768,0.0160114,2.57869,0.741361,0.277566,1.4537,2.00591,1.24238,0.616715,0.340288,1.74042,0.934846,0.15726,1.09579,0.607545,0.573568,1.07378,1.39063,2.69887,0.302879,0.26127,0.612882,0.697818,1.2286,3.61547,2.38432,0.181997,0.0710953,2.60491,1.13469,1.10733,0.378207,0.00242362,0.831922,0.0583111,0.377992,0.419362,2.50095,0.946746,0.386049,0.703718,0.820374,0.143219,1.61697,4.83085,1.15809,1.64226,0.429099,4.91251,3.64924,0.101751,0.142623,0.665251,0,1.18516,1.0261,0.376575,0.858862,0.242313,3.51221,0.0042808,2.16643,0.791355,1.42931,0.673831,0.970402,1.18697,2.80943,3.26377,0.263908,0.0244925,0.524923,0.758203,1.02962,0.402235,0.469357,1.92161,0.374185,0.976368,0.529059,0.859116,0.374082,3.05845,0.0509402,0.605186,0.828224,0.317424,1.20328,0.189605,0.53755,1.24555,1.52105,0.0100652,1.47864,1.64696,2.22303,2.43625,0.791777,1.12507,1.4639,0.309312,1.85042,0.0745129,0.392421,0.635841,2.67256,1.04564,0.0761051,2.67024,0.371152,0.167062,0.736861,0.270056,0.782846,0.800007,1.05544,0.215022,0.883666,0.227183,1.11295,0.700996,0.244051,0.261004,2.46272,0.877227,1.67906,0.656909,1.66505,1.27332,0.876994,0.827842,0.771945,2.13779,0.155481,0.23447,1.52582,0.0556334,0.816916,1.60926,0.412023,0.421929,0.688828,2.12389,0.151725,0.083526,2.1917,0.025558,2.48231,0.749891,3.21902,3.81068,0.491252,0.187775,0.231778,0.326835,1.41841,0.264724,1.24467
fan,0.990578,0.135653,1.18654,1.25215,0.988028,0.842133,3.51901,0.322012,2.19832,0.618791,2.16934,1.40725,0.279959,0.124558,1.24362,0.405596,0.0662972,0.46915,1.10083,0.247523,1.26065,0.107986,0.194581,2.21103,2.56706,0.313808,1.17947,1.35557,1.48511,2.92757,1.11879,0.0450077,0.224372,0.813125,0.0775829,0.407561,0.201695,0.614286,0.289473,0.167915,1.9382,0.465987,0.208493,0.508268,0.321765,0.647773,0.18084,0.227484,1.72813,2.5652,1.09816,5.55157,0.00196028,0.487274,0,1.44006,4.08432,1.48262,0.576263,0.171191,0.223306,1.94002,0.627834,1.99676,0.665624,0.222618,0.111929,0.324614,1.0248,0.701323,0.775813,0.316152,0.24125,0.498438,2.38022,2.24765,1.69792,0.0033574,0.0182922,1.82563,0.560578,1.85166,1.17148,0.714552,0.865646,0.00807382,0.0350982,0.73504,2.88844,2.63591,0.586835,1.55389,0.453765,0.343,2.95803,0.120665,2.23362,0.109543,1.02061,0.641184,0.0237329,0.281055,0.758229,0.253997,0.144843,1.23326,0.305931,0.256083,0.753572,1.52037,0.542265,2.133,0.80843,2.03165,0.482216,0.98123,1.24742,1.56876,0.037915,0.886002,0.237816,2.17951,0.646854,0.021369,1.36711,2.7584,0.296179,0.395035,0.729057,0.858043,0.31033,1.16079,0.332065,0.768949,0.33661,1.04897,0.171605,2.42278,0.231356,2.19831,0.363791,0.992077,1.38392,0.143047,1.13826,0.0229542,0.505485,0.31571,1.49707,0.198032,1.62704,1.77511,0.536509,0.734991,0.163346,0.701946,1.28636,0.498316,4.88071,1.3614,0.261945,1.20548,0.161838,3.9915,1.15601,0.250587,1.45895,0.139504,1.06186,0.509646,0.534735,0.50483,0.240626,0.253413,0.158982,0.152836,1.60313,0.0716751,0.0566599,0.625234,0.271678,0.734418,1.69539,0.279225,0.137258,0.914659,0.00718043,3.38661,0.446315,0.310147,1.27102,0.0558658,0.836113,0.436491,0.958576,0.234332,0.510102,1.98187,0.259212,1.14108,4.3082,2.14638,2.5796,0.485446,0.474116,0.770029,0.162407,0.95224,0.0249877,0.736677,2.45188,0.207219,1.30716,0.11274,0.844987,1.65884,0,0.0565306,0.137235,2.15565,0.456049,0.165901,1.66082,2.50493,0.858407,2.85485,0.711852,2.26868,0.0243905,0.0888402,1.96876,1.04845,0.451337,0.230696,0.651647,0.0886181,0.508417,0.0983157,1.10739,1.66904,0.175181,0.360214,1.21367,0.951632,0.413844,0.301617,0.051344,0.595184,2.22089,5.33199,0.592901,1.42466,2.76043,1.16768,0.010875,0.197337,0.4517,1.12089,1.68853,0.0974218,0.919436,0.891666,0.12714,0.708525,0.433651,0.015401,1.1617,1.77953,0.000837599,0.955328,0.27383,1.37883,0.727698,1.44465,0.594773,0.0139159,0.540336,0.435138,0.916117,1.42648,0.138914,0.903662,0.533341,0.0292404,0.255154,0.175895,1.71895,0.786074,0.135285,0.524968,2.86725,1.93523,0.921379,1.09271,1.49042,0.0458715,0.710766,0.248499,0.711109,0.911411,1.24221,0.0845115,0.740436,0.1151,0.0183411,1.20284,1.33848,0.660602,0.589559,1.24269,0.956378,0.518569,0.954629,0.391011,2.44663,1.21078,1.82918,0.0422042,1.02897,1.23815,0.38104,0.397675,0.550466,0.442142,1.60141,0.116072,0.366791,1.16835,0.0484702,1.91688,0.943117,0.511117,0.58743,1.1884,2.37587,2.1898,0.179571,0.722473,1.47035,0.178608,0.963595,0.65179,0.499629,0.142299,1.16443,2.41303,1.05888,0.147828,0.306877,0.730666,0.0207195,1.57586,0.785628,0.282323,1.74253,0.0424258,0.496165,0.0717957,0.0787589,0.150638,0.448403,0.515464,0.177286,0.600047,1.96454,1.62237,0.209823,1.60833,0.271026,0.330108,0.373243,1.48947,0.2891,0.286647,0.216861,1.60877,0.271879,0.777533,2.37999,1.38739,0.75261,0.336107,2.17307,0.103449,0.0602521,0.543962,0.588171,0.270674,0.349106,0.360818,0.506119,2.35017,0.361776,0.050147,0.0493874,0.408954,0.202792,0.0494499,2.86378,1.48285,0.754875,1.24528,3.40433,1.78096,0.426573,1.1228,0.528693,0.020111,0.743704,1.66204,0.440631,1.63539,0.148924,4.02154,0.215293,1.84207,0.44201,0.610382,2.13959,0.399167,1.27599,1.88061,0.649072,0.00308876,0.00938402,0.176476,1.77172,3.70195,1.03773,0.0322362,1.99785,0.0723836,0.116314,0.244829,0.926791,0.395314,1.50581,0.0317269,0.350112,0.718126,0.331652,0.20704,0.0901327,0.342652,1.40732,0.641015,0.318226,1.19289,0.579659,2.08184,1.98732,0.808338,1.33725,0.636762,0.0272774,1.04912,0.113497,0.0436418,0.534235,1.79531,0.36422,0.346269,1.58336,0.00377831,0.610261,1.31438,1.08548,0.589248,1.26259,0.0726902,0.0397891,0.358607,0.167063,0.986588,0.0648345,0.0508032,0.0433366,3.19086,2.58154,1.6243,0.293353,0.178894,1.0713,0.0349163,0.847531,0.251386,0.798923,0.0291408,0.0497472,0.323768,0.0853111,1.83717,0.540429,0.268881,0.166519,0.238569,1.52899,0.0918537,0.664295,2.27346,0.0432648,2.12284,0.624393,4.72584,2.01681,0.163034,1.37351,0.108207,0.306396,1.55241,0.215838,0.308738
hairdryer,0.57167,0.0356617,0.146346,0.942855,0.316621,0.015353,2.22464,1.24568,0.301989,1.7135,1.92768,0.24169,0.384676,0.0612599,0.770387,2.63867,0,1.25483,2.5519,0.580735,0.282186,0.665007,3.15845,1.29876,0.313075,0.413358,0.434799,1.91858,1.32723,0.498982,0.607902,0.0733497,0.532799,0.100521,0.425823,0.666855,0.999098,3.61386,0.135241,0.564442,0.819929,0.963167,1.44414,3.41287,1.07639,0.562969,0.479909,0.928526,2.85775,2.76234,0.302011,0.647494,0.576593,0.0125495,0.539082,1.16583,0.38642,0.34807,1.24928,0.566248,1.40175,0.104062,0.28543,0.629267,0.578206,0.561072,0.01636,1.22223,0.337214,0.764652,1.20432,0.552126,0.818431,0.610995,0.770161,0.597678,0.505894,0.987957,0.219429,1.14544,1.23802,1.84433,1.30055,0.486739,2.29484,0.676688,1.46825,0.735036,0.30362,0.396729,0.0135125,0.710006,0.14705,0.522726,1.7599,1.14072,0.270013,0.618574,1.56181,0.738,0.216176,0.0746627,0,0.786495,0.405581,1.58429,1.07884,1.15463,0.544933,0.355751,0.325742,0.0767453,0.584224,1.89627,1.32314,1.75948,1.86318,1.01453,0.599062,0.000409349,0.403194,0.894879,0.953608,0.109254,0.33701,0.876739,1.66263,4.732,0.742694,1.02944,0.841679,1.07267,2.04847,0.0248866,0.615226,0.127861,1.85482,0.552422,1.76328,0.846005,0.0268581,0.402763,1.51695,0.137524,1.63493,0.0780674,0.293605,0.848339,0.00249525,0.161393,0.956901,0.276837,0.332695,0.340849,0.13801,1.87977,0.064729,0.176093,0.113437,1.42556,0.191348,0.837517,0.584692,2.20651,0.792611,1.52973,1.05475,1.24397,1.23229,0.0120371,0.232082,0.34244,0.154146,0.624173,0.223936,3.08774,0.0117765,0.1259,0.23805,1.27068,0.825442,1.13758,1.48157,1.07492,0.338019,1.86347,0.620659,1.09026,0.194648,0.142908,1.17802,0.225091,1.61501,0.185962,0.305111,2.47068,0.0695683,0.730505,0.819537,2.91739,1.36799,0.0694875,0.783772,0.0260396,1.57386,0.369735,0.307111,0.735609,0.297272,0.149653,1.9097,0.476326,0.171804,1.57281,0.926768,0.447382,0.000188554,0.481516,1.74879,0.467186,0.349707,0.405003,0.679196,2.56795,1.32612,0.0793242,0.377563,1.19829,0.0399024,0.594416,1.57898,0.675759,0.1432,0.889907,1.92404,2.37598,2.45492,0.430051,0.144676,0.170249,0.996116,0.509406,0.113861,0.560581,0.949083,1.71897,1.60169,1.59006,5.08038,1.46498,0.386387,0.977426,0.129486,1.57557,0.775632,0.112052,0.28691,0.477405,0.621348,1.03371,0.346208,1.5055,1.18255,0.892965,0.771673,0.392872,0.752994,0.327047,0.145666,0.824285,1.54534,0.660748,0.642432,1.73578,0.120079,0.00688375,0.886422,0.0675859,0.245288,0.848299,0.188025,1.11786,0.247616,1.40147,0.786577,1.50816,1.14211,0.41231,1.59392,0.438663,0.254548,1.82691,1.93874,0.417225,0.542127,0.0490688,0.54925,1.15459,0.959665,0.918544,1.4554,1.54519,1.07169,0.307888,1.47236,0.922678,0.963841,0.292778,0.34198,0.6926,3.18244,0.151133,0.2476,0.193699,7.33582,1.02757,0.0843827,1.12462,1.53776,1.63567,0.431197,0.608878,1.4656,0.565978,0.237473,0.769316,0.626014,0.0201808,0.262654,1.97582,0.222233,0.34725,0.697498,0.211017,0.987065,0.188159,0.229898,0.0366065,1.64919,0.772157,1.96087,0.657824,0.691044,0.260564,0.137246,0.395311,1.38654,0.259797,0.991585,1.58767,1.02403,0.310197,0.286721,0.471129,0.0275011,0.884959,0.051915,0.0680226,0.47456,1.42647,0.512143,0.142155,0.602597,0.00566501,0.919011,0.00999874,0.574481,1.6556,0.214608,2.53424,0.513882,0.5172,2.19714,1.76377,0.466855,0.766434,0.194991,0.318564,0.440881,1.16068,0.60607,0.892882,0.131662,0.567487,0.508512,0.316995,0.020225,0.343339,0.212929,0.487621,0.480258,1.44466,0.0319153,0.640319,1.01397,0.253326,1.30809,0.555284,2.28249,0.805886,1.20707,0.149816,0.552219,1.0587,2.43651,0.49965,0.838181,0.211442,0.298815,1.74988,0.418231,1.05865,1.75838,0.462059,0.127692,0.348977,0.45308,0.978825,0.550843,0.0967663,1.38105,0.651404,3.53777,0,0.0119287,1.47276,0.534778,1.32757,0.530574,0.257194,2.8064,2.43996,0.269019,0.796287,0.742749,0.135159,0.923256,0.0118925,0.807466,0.0423641,0.720815,0.0819075,0.651213,1.15129,1.39396,0.445572,1.03469,0.0851225,1.22616,0.0948609,2.01168,0.301489,0.562647,1.08535,0.215074,0.473488,0.415858,1.73441,1.03575,0.0714198,0.178053,0.864029,0.0512033,0.349735,0.117722,1.44259,0.194194,0.0555083,0.455972,0.631212,0.271118,0.642701,0.888165,2.32139,0.525984,0.0660111,0.801287,0.716559,0.0535054,1.46458,0.206233,0.935681,1.68178,0.796969,1.42264,0.388069,0.660929,1.23434,0.0723451,1.0427,0.319085,0.519035,0.133259,0.394732,2.66285,0.230885,1.31899,0.201598,0.14584,2.34601,1.27715,0.959613,0.0816366,0.0677804,0.521008,0.404343,1.65596,0.328975,0.540093,0.37745,0.474181,1.18
hairdryer,1.26138,0.507549,0.183028,0.757506,0.463394,0.599951,2.26835,1.16411,1.03317,1.64342,1.83372,0.415979,0.373602,0.00141259,0.461857,2.22013,0.829539,1.12709,3.10072,0.412724,0.669789,1.10663,1.31825,0.427527,0.955278,0.217616,0.241587,1.53541,2.55637,1.14504,0.555228,0,1.77456,0.845238,0.931002,1.2187,1.18004,3.58195,0.449014,0.404333,1.1258,0.0502888,0.279609,2.80472,0.613178,1.50858,0,0.0868102,2.65758,2.97244,1.60556,0.229763,0.326551,0.0770214,0.812032,0.587251,1.07664,0.343588,1.17767,0.743583,0.663856,0.305851,0.143811,0.729294,0.525511,0.364868,0.093091,1.59105,0.60622,2.68033,1.03065,0.0872335,0.189075,0.382458,0.414904,0.114146,0.528028,0.289922,0.597551,0.504476,0.901924,1.33178,0.785206,0.0666213,1.2875,0.503132,0.380677,1.55419,0.675207,0.0989727,0.146511,1.94026,0.0632855,0.726356,0.427573,1.23627,1.24017,0.411509,0.887119,0.43195,0.192232,0.106547,0.0569188,0.098823,0.409916,0.798983,0.72525,0.458076,0.449791,0.175035,0.0209489,0.524052,0.626878,1.63003,2.71114,1.97319,1.23679,1.41968,2.48107,0.00247077,0.348783,1.02365,0.525862,0.0620545,0.158393,0.0882878,0.999652,3.08945,1.00581,0.455713,0.723271,2.03298,2.21129,0.130757,0.0404541,0.651162,1.31399,0.662511,1.44371,0.870146,0.134005,1.76772,1.08636,0.248403,0.94136,0.782152,0.0655341,0.535126,0.543949,0.210064,0.519978,0.995384,1.25552,0.344955,0.0193709,1.90847,0.360847,0.0844839,0.0146258,1.60171,0.149828,0.231552,0.0874339,1.34291,0.933974,2.22564,1.8038,0.340909,1.49952,0.977569,0.121145,0.593056,0.706185,0.117091,0.100715,4.40769,0.144271,0.30377,1.13384,0.825723,0.781851,0.74258,0.802415,1.57086,1.16399,0.470188,1.36664,2.847,0.128224,1.43596,1.39381,0.428377,0.852123,0.838257,0.61718,3.08974,0.755385,1.33086,1.91184,4.02954,1.38482,0.42184,0.400717,0.877058,0.235851,0.264127,0.282554,0.541824,0.809661,0.00556846,2.25548,0.543186,0.290031,1.65468,0.967573,0.0520596,0.169002,1.37501,1.12422,0.355786,0.970498,0.384584,2.26243,1.9813,1.34994,0,1.02543,1.188,0,0.159052,0.465881,0.916593,0.550563,1.16653,1.1112,2.70199,2.03816,1.23762,0.537752,0.400905,0.388392,0.0922244,0.302057,1.01244,1.40059,1.81608,1.58097,1.43309,4.48584,1.07873,1.05196,0.862916,0.0822736,0.402619,1.08776,0.190535,0.70181,0.414948,0.249205,0.22177,0.941275,0.446269,1.14371,1.44506,1.32405,0.786139,0.0749747,0.379133,0.160406,0.32525,1.6514,0.0959447,0.362322,3.3651,0.714937,0.247219,0.225089,0.03126,0.24445,0.342568,0.438708,0.264406,0.502865,1.24936,0.812807,0.82152,1.62952,1.22763,1.83707,0.485238,0.103855,2.35407,1.07159,0.618264,0.92285,0.220044,0.290141,1.2043,0.657519,0.503234,0.746315,1.85729,0.309167,0.0749801,2.3043,0.293712,0.845324,1.07683,0.629406,0.246942,2.52742,0.284895,0.510984,0.982552,5.73601,1.00034,1.39984,0.674814,0.747631,1.4417,0.124577,1.2177,2.32334,0.931039,0.820752,0.554325,2.43779,0.174413,0.453707,1.95058,0.221574,0.815243,0.67401,0.86578,0.967781,0.884652,0.345476,0.00476492,0.734087,0.358141,1.14607,0.896243,0.337381,1.37332,0.0836183,0.256561,1.5561,0.630078,0.596417,0.32953,1.96377,0.112112,1.55252,0.152337,0.222432,1.50621,0.0533693,0.698143,0.886646,1.59689,0.205641,0.162166,0.464756,0.322038,0.371771,0.0104144,1.34745,0.658964,0.0218269,0.854298,0.774752,0.958378,1.08996,0.75313,1.0356,1.35251,0.424367,0.18453,0.123375,1.83972,0.534566,0.283839,0.399422,0.425211,0.537192,1.22676,0,0.498798,0.256318,0.88127,1.79775,2.23446,0.245247,1.91493,1.01672,1.05997,0.738194,0.123545,1.22951,0.119852,0.0338675,0.195658,1.66577,0.911636,2.63302,2.00149,0.973684,1.21658,0.182827,3.6182,0.157541,0.67297,1.22683,1.05895,0.3612,0.203351,0.443826,0.300841,1.58681,0.365177,0.294031,0.839417,2.2989,0.211038,0.0136317,2.58524,2.01371,2.45961,0,0.694757,3.07425,2.66545,0.0692363,1.17546,1.43893,0.332929,0.751294,0.027576,1.40124,0.166984,0.42919,0.0854349,1.89317,1.50145,0.881959,0.588374,1.2232,0.568502,1.51573,0.144717,0.878683,0.233248,0.880299,0.417541,0.00360776,0.406305,0.119988,0.422945,1.48192,1.21675,0.317471,0.581677,0.228189,1.07444,0.324022,1.79967,0,0.991084,0.431291,0.285171,0.720402,0.219754,1.13419,3.34667,1.32629,0.139611,0.363232,0.353174,0.473358,0.846569,0.335082,0.162432,2.01653,0.916821,2.29326,0.429933,0.45458,1.7053,0.992438,1.40012,0.969339,0.128158,0.0246715,1.05421,1.42493,0.537132,0.569161,1.51483,0.179406,1.15855,1.10139,0.874887,0.297584,0.487986,1.98136,1.75693,1.0146,0.498646,1.35405,2.60793,1.31471,0.900026
hairdryer,0.844261,0.550396,0.4935,1.23584,0.32976,0.00249256,2.04829,0.176285,1.26335,1.36244,2.40034,0.868802,0.513785,0.958264,0.174491,1.71514,0,0.251192,2.18002,0.651457,0.514981,0.960347,2.626,0.218847,0.264554,0.0660406,0.314397,1.20053,0.941817,1.05905,0.202199,0.0664263,0.184527,0.0236201,0.578134,0.329004,1.46602,2.90194,0.0835951,0.670366,0.655555,0.579931,0.429651,1.74382,0.347697,0.992802,0.209945,0.390596,1.80722,2.09827,0.9928,0.540971,0.377827,0.288263,0.492365,0.528778,1.48119,1.64939,0.663795,1.11643,0.0508053,0.415957,0.00419833,1.46097,0.548679,0.689482,0.0917024,0.614153,0.54309,0.889356,1.0192,0.510551,1.43016,0.241721,1.04451,0.10923,0.521283,1.29148,0.365473,1.23845,0.763731,2.05776,1.68424,0.840282,1.22923,0.967259,0.660822,0.907765,1.0573,0.281199,0.21196,1.43505,0.438633,0.30007,1.04276,0.976325,0.617407,1.36022,0.93535,0.37901,0.342095,0.485528,0.350774,0.735225,0.422819,1.0729,0.712493,0.474051,0.310097,0.142457,0.252713,0.963032,0.410918,1.36347,2.03407,1.73778,1.24649,1.18139,1.09396,0.0959241,0.346858,0.677458,1.4642,0.224479,0.113761,0.656026,1.7929,4.02222,0.176358,1.15624,0.252146,0.364438,2.67629,0.0367224,0.221544,0.200711,1.3916,1.43707,1.01831,0.350069,0.0942052,0.47608,0.583943,0.290486,1.32066,0.330759,1.07903,0.293501,0.0703326,0.237508,0.365714,0.403133,0.384481,0.393166,0.177545,1.8036,0.168999,0.152402,1.04518,0.549213,0.15231,0.0067204,0.75219,1.40722,0.949894,1.87607,0.575307,1.25878,2.0115,0.713252,0.91842,0.332157,0.369038,0.245974,0.0637214,2.15389,0.137665,0.584707,0.249894,1.08752,0.743156,1.82119,0.539297,0.538883,0.312817,1.97813,0.241925,2.18605,0.0703497,0.753475,0.727813,0.975572,0.646314,0.986618,0.108896,2.8345,0.323701,0.748684,0.958962,2.68003,1.35192,0.272886,0.470883,0.217915,2.1059,0.554942,0.401226,0.182709,0.648333,0.356407,2.5752,0.828113,0.387384,1.12491,0.656053,0.766261,0.05953,0.627991,1.68021,0.459242,0.308044,0.866449,0.57419,1.23178,1.20899,0.18633,0.242737,0.704792,0,0.333934,0.643159,0.56014,0.619195,0.883426,2.72586,2.94854,1.67842,1.0256,0.874463,0.88742,1.40807,1.27405,0.246374,0.96932,1.24479,0.954701,0.776871,0.932637,3.76908,2.48746,0.309632,0.410924,0.0649532,0.12094,0.279855,0.135141,0.601273,0.498025,0.716782,0.751858,0.516079,1.66054,1.07492,1.01991,0.323805,0.269047,0.400701,0.0857293,0.14949,0.193225,0.939064,0.366308,1.06718,1.75152,0.124138,0.126215,0.505309,0.0596226,0.0909728,0.827251,0.0644551,0.460363,0.0684559,0.883948,1.11013,1.47545,1.03425,0.0787307,0.950053,0.409087,0.875961,2.66263,1.43626,0.0932692,0.792181,0.0889505,0.506162,0.548379,0.284429,0.399793,1.51879,2.26332,1.26121,0.170601,0.290886,1.23241,1.43271,0.127578,0.353912,0.850286,3.2145,0.368567,0.773055,0.685004,7.10554,0.870595,0.953023,0.858103,0.323901,1.2882,0.359594,1.20374,1.12705,0.181412,1.30806,0.298856,0.622845,0.0546789,0.416184,2.03657,0.222765,0.706681,0.567574,0.644208,0.965263,1.57381,0.153578,0.264176,1.45254,0.108325,1.57384,1.04709,0.0595801,0.706243,0.00584477,0.572399,0.692598,0.543635,0.859918,0.651982,0.71834,0.0050102,0.670377,0.62445,0.00550632,0.67831,0.889296,0.18564,1.22411,1.44233,0.880801,0.0668696,0.564967,0.0792961,0.34807,0.0205544,0.430994,0.180435,0.0648346,1.20034,0.855013,0.712387,0.540359,1.04705,1.26069,0.317194,0.158717,0.312954,0.0471832,1.58537,1.32301,0.216637,0.558177,0.616457,0.757878,0.767322,0.0521851,0.157333,0.0367558,0.451805,1.05507,1.68016,0.746544,0.769464,0.564111,0.307349,1.18742,0.376261,0.592328,0.149863,0.763972,0.188089,0.775686,1.42943,1.80355,0.493754,0.703153,1.08597,0.266936,2.47597,0.759984,0.693509,1.32042,0.830824,0.2727,0.320218,0.418465,0.823108,0.236153,0.0795846,0.737523,0.672679,2.29493,0.00375173,0.231705,1.19955,1.1305,1.9005,0.0519502,0.216674,2.52258,1.69227,0.581226,1.6691,1.24521,0.363678,0.58241,0.574526,1.16964,0.113211,0.514622,0.437917,0.283428,1.52789,0.948359,1.2605,0.794383,0.110611,0.583918,0.144434,0.823079,0.330971,0.56279,1.1993,0.458969,1.17715,0.608142,0.131146,0.191151,0.0544909,0.572594,0.139338,0.219826,0.0928193,0.0509554,1.54025,0.395017,0.168177,0.950613,0.574968,0.96547,0.0548468,0.375367,2.66932,0.350248,0.204005,1.28634,0.489535,0.698101,1.63045,0.00346908,0.59352,1.41924,0.643777,1.90584,0.304959,0.319176,0.913352,0.115001,1.38567,0.0564999,0.0880318,0.138182,0.700262,2.33285,0.585758,0.270405,0.215229,0.205491,1.37036,1.94747,0.807996,0.359926,0.224716,0.0352557,0.694293,1.31349,0.120587,0.0781954,1.02599,0.752473,0.498713
orange,0.501274,1.54062,0.925328,3.0203,2.01126,1.85958,1.44816,0.0294603,0.213771,1.52628,0.797082,0.073616,1.09259,0.0733671,0.241232,0.125295,2.7606,0.0322785,1.40066,1.2559,0.884005,6.58663,0.232613,0.218216,0.0769338,0.103183,2.61752,1.37628,2.52898,0.965913,0.979256,0.00485331,1.16923,0.861051,0.447021,0.00540123,0.220796,0.882377,2.90707,2.66937,0.129254,0.150984,0.381834,0.423349,1.02917,0.0496649,0.35316,0.185786,0.982025,0.227697,0.657678,3.83707,0.148948,0.63244,0.948968,2.27769,0.80413,1.03083,0.855401,1.38042,0.0541313,0.211893,0.17742,4.19144,0.973296,0.011459,0.305972,0.598144,1.14442,0.520011,0.910134,0.425145,0.00315295,0.00773224,2.16833,0,0.842644,1.02541,1.72143,0.55701,0.0761698,0.271156,0.735006,0.172987,2.26297,0.00287217,0.403142,1.09304,1.524,0.0303614,2.60841,1.33601,1.64618,0,0.738745,4.82271,1.16257,0.0419565,0.203228,0.101393,0.340396,0.790253,1.85664,1.1718,0.265927,0.633026,0.340166,0.0171731,0.185088,0.345692,0.0213774,3.22071,0.00309962,0.593014,0.833847,1.47364,0.823218,0.344492,5.05322,0.00625471,0.148366,1.05275,1.65349,0.271296,0.621345,0.0179477,0.0476431,1.05666,0.196777,1.38839,0.0897023,1.2394,1.24298,0.265866,0.283902,0.234541,1.00238,0.952174,0.376933,0.275044,0.591421,0.684036,0.683983,0.838198,1.09029,0.953323,0.172702,1.43668,0.486448,0.348308,0.409187,1.37571,0.826061,1.34489,0.00520692,0.00476611,0.122876,0.199178,0.781937,0.765716,0.0296023,0.24098,0.514778,0.289469,1.51995,0.0389156,0.0455484,0.963805,0.715944,0.803108,0.554427,0.29506,0.681217,0.109649,0.876293,0.791621,0.631537,0.807255,0.292064,0.611792,0.0391353,3.10863,3.65764,1.09962,0.506673,0.367984,1.06467,1.51208,0.0162096,1.55394,0.0624757,0.896515,0,0.3637,0.596758,0.216218,2.47193,1.70601,0.639277,0.89261,0.871744,1.24454,0.783834,0.0934999,1.86465,2.21055,0.121455,1.57923,0.960028,0.715301,1.12831,2.20519,1.74696,0.0607519,0.783197,3.53333,0.760876,0.478984,0.372249,2.35509,0.622608,0.00537265,0.82573,0,0.720046,3.64527,2.13494,1.18748,1.63763,1.34453,0.791901,1.5344,0.132933,0.780415,0.466274,0.329006,0.441454,0.642479,0.445422,0.00285462,0.533311,0.879678,0.451824,1.88349,0.177641,2.43413,0.141216,0.687953,0.706926,1.12839,1.37059,0.153399,1.09802,0.0428492,0.985835,0.0389809,1.63352,0.561034,1.06962,0.189156,0.528063,0.512039,0.656386,0.862317,2.78841,0.251963,0.00481007,0.00141651,1.11595,0.718089,0.718905,0.17428,1.91551,1.85714,0,0.577251,0.598644,0.0245751,0.123402,0.383071,0.0247839,0.302752,0.0313401,0.83452,0.475879,0.252119,0.233795,0.739633,1.15327,0.177978,0.354984,0.246021,1.96198,0.551471,2.56191,2.12737,2.34067,0.204816,0.000552262,0.179023,0.0751276,2.19197,1.10757,0.977613,0.0567893,0.0113823,0.470176,2.65222,1.76951,0.156439,1.01314,0.00508549,0.260186,1.77222,0.21966,0.906073,1.88007,0.0250694,0.901351,0.835483,0.534658,0.182455,0.272746,0.127587,0.024224,0.33976,1.82882,0.832835,0.0587837,4.1549,3.89953,0.132953,0.577974,0.426534,1.39538,1.45415,0.0158667,0.0484901,0.569634,0.108413,1.71231,1.61674,0.0894341,0.873612,0.109347,2.19998,0.0164578,0.66168,1.18819,0.567026,1.61007,0.616592,1.04983,0.128038,0.0534975,0.173312,0.556566,1.43651,0,0.40806,1.09627,0.461094,0.213694,1.07957,1.07621,0.461319,0.908671,0.0463117,0.0131158,0.519659,0.182542,1.1237,1.39455,0,1.7206,4.79092,0.0210798,0.217769,0.691311,1.72395,0.125684,0.632418,0.122419,0.737425,0.439099,0.505824,0.381584,2.44814,0.794639,1.83122,0.0271115,0.482444,3.38291,0.84661,0.916146,2.44549,0.510763,0.0916588,0.369536,0.23118,0.0359517,0.22384,2.13395,0.0635934,0.253979,0.702748,0.319217,0.120173,0.293193,0.0876189,0.0396368,1.29326,0.71191,0.980994,0.347832,0.327088,0.786055,0.911153,0.398328,2.03384,1.71849,0.0752633,0.00168228,0.675483,2.79294,0.74052,0.620242,1.75534,0.00890649,1.08692,0.963055,0.582329,0.707389,2.76857,2.64667,1.08178,1.1242,1.04817,2.89263,0.0756146,0.0237272,0.116464,0.843857,1.05765,0.940676,1.01393,0.711044,1.39683,0.359088,0.382407,0.572513,0.559381,1.04433,0.100521,0.08101,0.506645,0.171158,1.58838,1.10644,0.150753,0.251677,0.322551,0.680146,0.00375537,3.06274,0.869879,0.107105,0.329063,0.851952,0.0836177,2.5947,0.171708,0.0124416,0.599133,0.196723,0.182322,3.7439,0.0995723,2.66181,2.27237,0.110265,2.84408,1.50416,0.791141,2.60142,0.682654,1.155,0.641094,3.11835e-05,0.40058,0.191667,0.106742,1.57548,1.00587,2.14784,2.17839,0.0849626,0.20867,0.155798,1.50543,0.0291914,0.608812,0.292914,0.448257,0.142582,0.687843,2.04349,1.76905,1.50053,0.624499,0.962351,1.22786
orange,0.18733,1.2739,0.824376,1.5858,1.47248,0.895777,1.02755,0.00394997,0.0602317,1.34441,0.783099,0.24836,0.031979,0.105067,0.380287,0.0319427,2.88978,0.703963,0.567856,1.41144,1.02133,5.02933,0.166989,0.279333,0.0807583,0.00215276,1.80313,0.766052,2.76192,0.561009,1.15505,0.358963,0.146955,0.487338,0.0650962,0,0.023799,0.227443,1.23891,3.07822,0.224473,0.0481026,0.149621,0.369867,1.00414,0.149315,0.136236,1.41331,0.0863752,0.924199,0.852475,3.47448,0.0610306,0.574266,1.59965,1.34264,0.467751,2.32042,0.809564,0.0169779,0.037117,1.11029,0.464991,2.15745,0.740202,0.024431,0.520471,0.0998816,0.188289,0.155657,0.439312,0.939749,0,0.000968148,1.13818,0.0737793,0.615344,1.01225,0.675266,0.751001,0.501084,0.00823073,0.0790635,0.0128592,1.96587,0.00362776,0.422214,0.986985,0.124154,0.149742,3.2348,0.296199,1.95137,0,0.22826,3.60421,0.0734947,0.00422569,0.15495,0.00886162,0.196968,0.300488,3.57416,0.485997,0.991035,1.1978,1.3052,0.00342881,0.958667,0.223656,0.0468931,3.89028,0.139779,0.293645,0.898967,0.918869,0.926009,0.626679,3.41702,0.0201743,0.40214,0.17531,1.22302,0.181183,0.361787,1.04413,0.013415,0.867081,0.0811648,0.860134,0.60657,1.63332,0.213231,0.475219,0.510438,0.938795,0.704558,1.11162,0.0557653,0.260059,0.671044,1.69957,0.487551,0.378363,1.94999,1.91706,0.199079,1.9182,0.930845,0.341927,1.21393,1.18245,0.466342,0.523485,0,0.0126251,0.00110414,0.561576,1.05794,0.00151865,0.509415,0.0799809,0.438232,0.0688262,0.106741,0.608326,0.183049,0.112273,0.044579,0.723838,0.955714,0.523523,0.196371,0.155583,0.361015,0.157881,0.360038,0.48243,0.384265,0.41121,0.130418,3.53285,2.93948,1.9448,1.21249,0.262625,0.475459,0.538835,0.726957,0.885619,0.153436,0.929963,0.366372,0.446226,0.713138,0.665884,1.3925,1.36563,0.146465,0.0442869,0.199236,0.539375,0.377522,0.123734,0.607592,0.850546,0.122445,1.40717,0.88524,0.112314,0.84396,0.745206,1.66599,0.793326,0.991396,4.59058,0.49376,1.10663,0.509374,2.22792,0.140698,0.44769,0.8186,0.0684494,0.373401,3.14543,2.79489,0.135671,1.19743,0.331335,0.387074,0.717704,0.025458,0.583662,0.135186,0.154835,0.144146,0.79863,0.544146,0.281221,0.0742406,0.824983,0.116872,2.62012,0.0174429,0.965556,0.34368,0.267389,0.292149,1.65753,0.942308,0.268457,0.750384,0.138681,0.502374,0.161235,0.365653,0.940746,0.646053,0.63567,0.35618,0.165531,0.800014,0.198485,1.43533,0.0167343,0.282978,0.0182689,0.875171,0.832382,0.106929,0.216178,0.316604,1.01924,0.20825,1.31167,0.433601,0.0667743,0.189201,1.12134,0,0.498112,0.00103171,0.443784,0.196579,0.785551,0.545681,0.0303616,0.438599,0.104511,0.216981,0.115596,2.42083,0.14465,1.40873,1.7514,0.333223,0.277285,0,0.226423,0.501281,0.712418,0.545824,0.0814821,0.12599,0.049881,0.694527,1.45261,0.735465,0.280558,0.561936,0.400034,0.747949,0.338137,0.539677,0.327651,2.45111,0.0234053,0.310446,1.98687,0.216244,0.245651,0.413044,1.04599,0.0634361,0.956641,1.96595,0.345737,0.0337374,3.62841,3.57848,0,0.665,0.245527,1.77318,1.06426,0.00917852,0.0233656,1.28726,0.0288467,2.1597,0.790955,0,0.132965,0.201807,2.25393,0.23027,0.910221,0.909225,0.446242,1.34665,0.979578,0.753499,0.130503,0.151488,0.364524,0.333563,2.40222,0,0.109466,0.502591,1.05926,0.0917476,1.74614,0.517523,0.243226,1.25234,0.39131,0.0320435,0.17076,0.583413,0.623578,1.71158,0.0691671,1.05993,3.2257,0.428429,0.949037,0.232668,1.2209,0,0,0.125343,0.891979,0.87539,0.760128,0.240389,3.34687,1.06011,0.850377,0.088988,0.717443,4.95538,0.43856,0.969583,2.4909,0.932465,0.116904,1.19047,0.713805,0.10293,1.23274,1.23553,0.0619644,0.0117207,1.47249,0.00515648,1.01061,0.0617157,0.136526,0.0104847,0.00436867,0.0293021,0.234276,0.229038,0.344546,0.31942,0.818402,0.213555,1.04832,0.672605,0.559338,0,0.290398,2.13969,0.0953488,0.547896,1.63547,0.191532,0.453953,1.47554,0.20413,1.20126,2.44824,2.61002,0.917986,2.9852,0.300997,0.949501,0.0768682,0.180769,0.469022,0.637395,0.647718,0.283658,0.832636,0.382903,0.558201,0.573781,1.74186,0.286928,0.900255,0.946487,0,0.898675,0.146051,0.197674,0.684151,0.964813,0.308621,0.259265,0.0335553,0.689822,0.116018,2.08062,0.863265,0.00426328,0.474412,0.686746,0.137821,3.72774,0.103842,0.421399,0.132071,0.0898714,0.17475,1.6724,0.100852,1.16677,1.3029,0.12164,3.58833,2.76556,1.07837,1.30314,1.51244,1.45732,0.236623,0.293551,0.595656,0.112002,0.237057,1.31247,1.58432,1.62098,2.51111,0.0121269,0,0.20537,1.39094,0.124455,0.561396,0.394092,0.114973,0.587669,0.989659,0.60738,2.44417,0.606522,0.116119,0.113416,0.778063
orange,0.596055,1.92256,0.907031,2.4903,2.87424,0.682063,1.36723,0,0.0612832,1.22429,1.07636,0.191789,0.0840401,0.163669,0.604699,0.0740226,1.42947,0.248081,0.958807,0.431781,0.778667,5.88043,0.274948,1.07237,0.0728432,0.283748,1.92231,0.783173,4.07024,1.12139,1.14062,0.262831,0.14914,0.33254,0.286359,0.0541115,0.0185815,0.190078,3.20179,4.338,0.476861,0.0550494,0.670259,0.64004,0.917222,0.250306,0.034333,1.80113,0.0760924,0.312622,0.373498,2.79251,0.039206,0.68861,0.846659,1.15389,0.649187,1.67819,1.30425,0.12917,0.0711529,1.01959,0.108081,1.98326,1.17113,0.0422907,0.576533,0.698971,0.122115,0.128974,0.320371,0.862045,0,0.00183801,1.96096,0.144749,0.527682,0.782112,1.34473,1.19773,0.334033,0.0084734,0.034633,0.0375909,2.09695,0.0714921,1.35452,1.08891,0.707944,0.2761,4.68701,0.407203,1.09779,0.00428806,0.155191,4.11532,0.489332,0,0.411053,0.0294005,0.515998,0.790229,2.02297,0.187312,1.15356,1.32689,1.73308,0.0701103,0.944923,0.752499,0.18333,3.40407,0,0.355458,1.35825,1.08783,1.42276,0.477858,3.28279,0.0502138,0.829869,0.273503,0.740939,0.910928,0.76117,0.22963,0.208668,0.724036,0,0.51313,1.49194,1.95829,1.10195,0.73564,0.335602,0.799011,0.628798,0.380551,0.264911,0.268888,0.913297,2.56399,0.358837,0.497756,1.05499,2.1188,0.00626401,1.62691,0.300919,0.963104,1.23931,0.675771,0.71076,0.269108,0,0,0.0969369,0.353567,0.614553,0.306739,0.080068,0.247734,0.529739,0,0.180713,0.760358,0.00860016,0.183007,0.111686,1.29012,1.39767,0.358961,0.264685,0.220677,0.162638,0.300393,0.61084,0.738169,0.634144,0.415206,0.0284744,2.78418,3.59756,2.08173,1.33825,0.783527,0.0930343,0.558998,0.368615,0.526826,0.0204477,1.24576,0.534294,0.876067,0.582424,0.710147,1.28702,1.88461,0.539872,0.00865034,0.962675,0.329391,0.0746815,0.119453,1.53018,1.6627,0.308383,1.0285,0.929789,0.0865716,0.985136,0.649236,1.66291,1.84455,1.90888,3.69735,0.275628,0.709204,0.469761,2.18053,0.399412,0,0.529273,0.0212216,0.813663,1.86013,2.39536,0.760996,1.79057,1.5525,0.751434,1.23004,0.192832,0.707886,0.236152,0.142975,0.0609421,0.395467,0.406317,0.264709,0.330469,1.33687,0.265183,3.15881,0.125227,1.21575,0.104491,0.418673,0.202958,1.90291,0.261799,0.521498,0.76293,0.2053,0.420454,0.160005,0.18411,1.03429,1.22546,0.368241,0.266434,0.22338,1.2225,0.283694,1.24882,0.103404,0.0833939,0.0153246,0.494998,0.97779,0.0146976,0.192408,1.01718,1.86081,0.267154,0.540603,0.448203,0.314711,1.04761,0.649221,0,0.298221,0.00246488,1.51206,0.688526,0.486671,0.407288,0.440891,0.471441,0.0562253,0.284153,0.0197205,1.91725,0.0915516,1.16607,2.04814,1.02728,0.699462,0,0.0897955,0.0282872,1.22893,1.3962,0.161462,0.0552356,0.0166076,0.390167,1.37705,1.28173,0.579226,1.05637,0.662576,0.634528,0.416396,1.58255,0.363622,2.89304,0.320642,0.735437,1.61356,0.608149,0.730635,0.0107563,0.732319,0.233951,1.21234,1.14561,0.255312,0.0693706,2.77433,3.23891,0.0573002,0.826604,0.129236,1.16055,0.890704,0.219879,0.0708228,0.934113,0.0358621,2.33517,0.69758,0,0.167163,0.381125,1.07519,0.272917,0.3878,0.209766,0.801564,2.51944,1.45821,1.02592,0.10683,0.0510345,0.150684,0.689633,2.15169,0,0.800418,0.224249,0.737007,0.169383,2.35966,0.889326,0.142251,0.411096,0.464416,0.17499,0.0643396,0.408172,1.2494,1.62564,0,2.32616,2.71312,0.209924,0.482324,0.208973,2.60395,0.0137784,0.000975781,0.279613,0.37774,1.17243,0.159513,0.107544,2.3197,1.09553,0.988707,0.101129,1.09349,4.38054,0.675843,1.43726,3.2584,1.35912,0.0222336,0.897858,1.0772,0.449304,0.558289,1.87391,0.445354,0.177648,0.847375,0.13776,1.09773,0.232446,0.174998,0.0603843,0.221111,0.365252,0.597631,0.371483,0.752964,0.178458,1.4731,0.00975726,0.708458,1.52214,0.230729,0.123328,0.710589,1.71937,0.15344,0.553749,1.26928,0.0529411,0.89349,1.71508,0.223114,1.02493,1.70616,3.50777,1.18711,2.9735,0.217803,0.610034,0.0126957,0.286446,0.521673,0.961426,0.800059,0.69853,0.350329,0.521464,0.517627,0.314545,0.691362,0.416986,0.855853,0.305652,0,0.0694516,0.342321,0.418458,0.416299,1.19222,0.251213,0.457982,0.106451,0.319092,0.171299,2.31483,0.730853,0.106955,0.480811,0.913893,0.252439,2.66499,0.0626678,0.0663459,0.52224,0.247218,0.282617,2.20978,0.095971,1.86777,0.748219,0.380524,3.46751,3.55195,1.63402,0.695304,1.06411,2.50603,0.291558,0.0271759,1.18936,0.68285,0.33182,1.84207,0.810948,1.8769,1.42046,0.0410455,0.00686177,0.591018,1.97915,0,0.964862,0.0228789,0.842908,0.552587,1.39966,1.0594,2.7063,0.8532,0.226951,0.204556,0.301526
